Iteration,Metric,Min,Avg,Std,Max
0,Susceptible,0.937,0.9385,0.0014999999999999458,0.94
0,Infected,0.05,0.051500000000000004,0.0014999999999999979,0.053
0,Recovered_Immune,0.01,0.01,0.0,0.01
0,Death,0.0,0.0,0.0,0.0
0,Exposed,0.0,0.0015,0.0015,0.003
0,Infectious,0.041,0.042499999999999996,0.0014999999999999979,0.044
0,Hospitalization,0.006,0.0075,0.0014999999999999996,0.009
0,Severe,0.0,0.0,0.0,0.0
0,Q1,623.2362088553566,624.8114107515167,1.575201896160138,626.3866126476769
0,Q2,1272.2895841466259,1337.8871588309503,65.59757468432451,1403.484733515275
0,Q3,2041.0326327700216,2065.59487172869,24.562238958668672,2090.157110687359
0,Q4,3373.2878192984017,3393.4089706376003,20.121151339198605,3413.530121976799
0,Q5,8918.653234508509,8991.865304464507,73.21206995599732,9065.077374420503
0,Stat_R,0.0,0.0015,0.0015,0.003
1,Susceptible,0.936,0.9375,0.0014999999999999458,0.939
1,Infected,0.051,0.0525,0.0015000000000000013,0.054
1,Recovered_Immune,0.01,0.01,0.0,0.01
1,Death,0.0,0.0,0.0,0.0
1,Exposed,0.001,0.0025,0.0015,0.004
1,Infectious,0.032,0.033,0.0010000000000000009,0.034
1,Hospitalization,0.013,0.014499999999999999,0.0015000000000000005,0.016
1,Severe,0.002,0.0025,0.0005,0.003
1,Q1,862.8154868255402,872.0927476533973,9.277260827857049,881.3700084812543
1,Q2,1643.5672143889856,1761.5020583701232,117.93484398113765,1879.4369023512609
1,Q3,2938.3513921240265,3066.104599862857,127.7532077388305,3193.8578076016875
1,Q4,4839.100143914523,4891.761141442446,52.66099752792388,4944.422138970371
1,Q5,12434.597718055877,12748.896372200978,314.29865414510095,13063.195026346079
1,Stat_R,0.001,0.0025,0.0015,0.004
2,Susceptible,0.78,0.7965,0.01649999999999996,0.813
2,Infected,0.177,0.1935,0.0165,0.21
2,Recovered_Immune,0.01,0.01,0.0,0.01
2,Death,0.0,0.0,0.0,0.0
2,Exposed,0.127,0.14350000000000002,0.0165,0.16
2,Infectious,0.022,0.025500000000000002,0.0035000000000000014,0.029
2,Hospitalization,0.017,0.0195,0.0024999999999999988,0.022
2,Severe,0.004,0.005,0.001,0.006
2,Q1,972.8104680701023,973.2297362244892,0.41926815438688436,973.649004378876
2,Q2,1837.7921024998193,1945.3916286446333,107.59952614481415,2052.9911547894476
2,Q3,3293.568076508149,3550.6993491911217,257.13127268297285,3807.8306218740945
2,Q4,5233.927211750348,5455.292569777647,221.3653580272994,5676.657927804947
2,Q5,14086.50211553675,14438.32393028622,351.82181474947083,14790.145745035692
2,Stat_R,0.127,0.14350000000000002,0.0165,0.16
3,Susceptible,0.634,0.6699999999999999,0.035999999999999976,0.706
3,Infected,0.284,0.3195,0.035500000000000004,0.355
3,Recovered_Immune,0.01,0.01,0.0,0.01
3,Death,0.0,0.0005,0.0005,0.001
3,Exposed,0.231,0.268,0.03699999999999999,0.305
3,Infectious,0.017,0.0215,0.004499999999999999,0.026
3,Hospitalization,0.021,0.0215,0.0004999999999999987,0.022
3,Severe,0.006,0.0085,0.0024999999999999996,0.011
3,Q1,1066.0034774742019,1079.7600802381205,13.756602763918636,1093.5166830020391
3,Q2,2074.8951950776463,2183.342819774635,108.44762469698844,2291.7904444716232
3,Q3,3890.9253777836607,4049.6288193700793,158.70344158641842,4208.3322609564975
3,Q4,5882.133882974996,6068.175939347475,186.0420563724797,6254.217995719955
3,Q5,16287.613875749303,16394.040758621464,106.42688287216333,16500.46764149363
3,Stat_R,0.234,0.27,0.03599999999999999,0.306
4,Susceptible,0.514,0.5365,0.02250000000000002,0.559
4,Infected,0.431,0.4525,0.02149999999999999,0.474
4,Recovered_Immune,0.01,0.01,0.0,0.01
4,Death,0.0,0.001,0.001,0.002
4,Exposed,0.377,0.4,0.022999999999999993,0.423
4,Infectious,0.017,0.0195,0.0024999999999999988,0.022
4,Hospitalization,0.015,0.02,0.005000000000000001,0.025
4,Severe,0.007,0.013,0.005999999999999999,0.019
4,Q1,1176.6072946596141,1198.2189405262502,21.611645866635968,1219.830586392886
4,Q2,2342.131243359504,2469.5027573968264,127.37151403732264,2596.8742714341493
4,Q3,4290.712368549142,4367.956079496122,77.24371094697881,4445.1997904431
4,Q4,6680.4947520845535,6702.863897861351,22.369145776797268,6725.233043638148
4,Q5,17567.644512526887,17827.854946600688,260.2104340738024,18088.065380674492
4,Stat_R,0.381,0.40349999999999997,0.022499999999999996,0.426
5,Susceptible,0.509,0.5335000000000001,0.024500000000000022,0.558
5,Infected,0.432,0.4545,0.022499999999999996,0.477
5,Recovered_Immune,0.01,0.01,0.0,0.01
5,Death,0.0,0.002,0.002,0.004
5,Exposed,0.255,0.2625,0.007500000000000007,0.27
5,Infectious,0.103,0.12,0.017000000000000008,0.137
5,Hospitalization,0.049,0.0545,0.005499999999999998,0.06
5,Severe,0.014,0.0175,0.0035000000000000005,0.021
5,Q1,1383.7063048606797,1468.381260730102,84.6749558694222,1553.056216599524
5,Q2,2826.779094297262,2915.9000575831333,89.12096328587154,3005.021020869005
5,Q3,5233.78109389876,5263.267628308422,29.486534409661544,5292.7541627180835
5,Q4,7981.591696486486,8044.620549884066,63.02885339757995,8107.649403281646
5,Q5,21033.55430933849,21090.7347983733,57.18048903481031,21147.915287408112
5,Stat_R,0.382,0.4065,0.024499999999999994,0.431
6,Susceptible,0.508,0.5315000000000001,0.02350000000000002,0.555
6,Infected,0.422,0.445,0.02300000000000002,0.468
6,Recovered_Immune,0.01,0.01,0.0,0.01
6,Death,0.013,0.0135,0.0005000000000000004,0.014
6,Exposed,0.124,0.1375,0.013499999999999998,0.151
6,Infectious,0.153,0.185,0.032,0.217
6,Hospitalization,0.104,0.105,0.0010000000000000009,0.106
6,Severe,0.014,0.0175,0.0035000000000000005,0.021
6,Q1,1570.8985153924823,1663.520775324122,92.62225993163975,1756.1430352557618
6,Q2,3250.5049327792976,3317.696891260479,67.19195848118102,3384.8888497416597
6,Q3,5721.701252733259,5897.8800057170665,176.1787529838075,6074.058758700874
6,Q4,9183.020834350575,9441.358804254694,258.33796990411884,9699.696774158812
6,Q5,23087.48576653633,23874.25139928798,786.7656327516488,24661.01703203963
6,Stat_R,0.307,0.359,0.05199999999999999,0.411
7,Susceptible,0.504,0.529,0.025000000000000022,0.554
7,Infected,0.389,0.41600000000000004,0.026999999999999996,0.443
7,Recovered_Immune,0.01,0.01,0.0,0.01
7,Death,0.043,0.045,0.0020000000000000018,0.047
7,Exposed,0.005,0.0075,0.0025,0.01
7,Infectious,0.236,0.251,0.015000000000000013,0.266
7,Hospitalization,0.134,0.14,0.0059999999999999915,0.146
7,Severe,0.014,0.0175,0.0035000000000000005,0.021
7,Q1,1695.2541981817778,1806.701255603621,111.44705742184306,1918.148313025464
7,Q2,3536.8568464629498,3584.4343854131093,47.57753895015958,3632.011924363269
7,Q3,5828.74474571572,6161.951427952461,333.20668223674147,6495.1581101892025
7,Q4,10026.3673100938,10299.688590309835,273.32128021603603,10573.009870525872
7,Q5,24105.925870977586,25814.598324935963,1708.6724539583793,27523.270778894344
7,Stat_R,0.286,0.3345,0.048500000000000015,0.383
8,Susceptible,0.416,0.4395,0.02350000000000002,0.463
8,Infected,0.451,0.47450000000000003,0.023499999999999993,0.498
8,Recovered_Immune,0.01,0.01,0.0,0.01
8,Death,0.076,0.076,0.0,0.076
8,Exposed,0.093,0.094,0.0010000000000000009,0.095
8,Infectious,0.192,0.201,0.008999999999999994,0.21
8,Hospitalization,0.15,0.16199999999999998,0.011999999999999997,0.174
8,Severe,0.014,0.0175,0.0035000000000000005,0.021
8,Q1,1733.0371006560283,1811.8903426083457,78.85324195231738,1890.743584560663
8,Q2,3514.4158270346306,3602.9977481395954,88.58192110496452,3691.5796692445597
8,Q3,6113.34192615639,6408.7631928769515,295.4212667205611,6704.184459597513
8,Q4,10215.110966730059,10491.875792131705,276.7648254016458,10768.64061753335
8,Q5,24655.528982971828,26885.566615679592,2230.037632707763,29115.604248387353
8,Stat_R,0.37,0.383,0.013000000000000012,0.396
9,Susceptible,0.343,0.34950000000000003,0.006499999999999978,0.356
9,Infected,0.516,0.526,0.010000000000000009,0.536
9,Recovered_Immune,0.01,0.01,0.0,0.01
9,Death,0.111,0.11449999999999999,0.003499999999999996,0.118
9,Exposed,0.152,0.182,0.03,0.212
9,Infectious,0.147,0.156,0.009000000000000008,0.165
9,Hospitalization,0.163,0.17049999999999998,0.007499999999999993,0.178
9,Severe,0.014,0.0175,0.0035000000000000005,0.021
9,Q1,1675.0781633191632,1811.139123575245,136.0609602560819,1947.200083831327
9,Q2,3634.346241477749,3645.436474678303,11.09023320055394,3656.526707878857
9,Q3,6177.241684033832,6415.978702534003,238.73701850017142,6654.715721034175
9,Q4,9985.607064398433,10375.277638403615,389.67057400518115,10764.948212408795
9,Q5,23765.560483574016,26756.167520890303,2990.6070373162875,29746.77455820659
9,Stat_R,0.456,0.4675,0.011499999999999982,0.479
10,Susceptible,0.201,0.21400000000000002,0.012999999999999998,0.227
10,Infected,0.601,0.62,0.019000000000000017,0.639
10,Recovered_Immune,0.01,0.01,0.0,0.01
10,Death,0.15,0.156,0.006000000000000005,0.162
10,Exposed,0.276,0.3145,0.03849999999999998,0.353
10,Infectious,0.115,0.124,0.009000000000000001,0.133
10,Hospitalization,0.157,0.164,0.007000000000000006,0.171
10,Severe,0.014,0.0175,0.0035000000000000005,0.021
10,Q1,1643.3553317482279,1808.7824324774692,165.42710072924126,1974.2095332067104
10,Q2,3487.929631528062,3570.7897932742662,82.86016174620386,3653.64995502047
10,Q3,6060.823409132442,6212.019444383011,151.1960352505689,6363.21547963358
10,Q4,10230.277081831933,10509.978223123053,279.7011412911206,10789.679364414174
10,Q5,24023.890357015363,26941.009917167576,2917.1195601522104,29858.129477319784
10,Stat_R,0.534,0.5575,0.023499999999999965,0.581
11,Susceptible,0.201,0.21350000000000002,0.012499999999999997,0.226
11,Infected,0.563,0.578,0.015000000000000013,0.593
11,Recovered_Immune,0.01,0.01,0.0,0.01
11,Death,0.196,0.1985,0.0025000000000000022,0.201
11,Exposed,0.189,0.225,0.036000000000000004,0.261
11,Infectious,0.158,0.1625,0.004500000000000004,0.167
11,Hospitalization,0.16,0.173,0.012999999999999998,0.186
11,Severe,0.014,0.0175,0.0035000000000000005,0.021
11,Q1,1651.5319647978545,1834.3293587497242,182.7973939518698,2017.1267527015941
11,Q2,3678.5681871252646,3723.8579548823254,45.28976775706087,3769.1477226393863
11,Q3,6450.417085507849,6525.872070309465,75.45498480161586,6601.327055111081
11,Q4,10641.980606932055,10964.903652648454,322.92304571639943,11287.826698364854
11,Q5,25904.812470437406,28389.291828006855,2484.4793575694475,30873.7711855763
11,Stat_R,0.502,0.511,0.009000000000000008,0.52
12,Susceptible,0.2,0.21250000000000002,0.012499999999999997,0.225
12,Infected,0.514,0.538,0.02400000000000002,0.562
12,Recovered_Immune,0.01,0.01,0.0,0.01
12,Death,0.228,0.2395,0.011499999999999996,0.251
12,Exposed,0.131,0.137,0.0059999999999999915,0.143
12,Infectious,0.176,0.1955,0.019500000000000003,0.215
12,Hospitalization,0.186,0.188,0.0020000000000000018,0.19
12,Severe,0.014,0.0175,0.0035000000000000005,0.021
12,Q1,1645.359944442159,1901.304680056542,255.94473561438292,2157.249415670925
12,Q2,3608.280122409066,3755.0103277977732,146.73020538870765,3901.740533186481
12,Q3,6604.390208318998,6698.345101590361,93.95489327136374,6792.299994861725
12,Q4,11136.28581626868,11479.544635561107,343.2588192924268,11822.803454853534
12,Q5,26658.006306253305,29285.135553148688,2627.1292468953834,31912.26480004407
12,Stat_R,0.429,0.46099999999999997,0.032,0.493
13,Susceptible,0.199,0.21200000000000002,0.012999999999999998,0.225
13,Infected,0.478,0.4955,0.017500000000000016,0.513
13,Recovered_Immune,0.01,0.01,0.0,0.01
13,Death,0.278,0.2825,0.004499999999999976,0.287
13,Exposed,0.002,0.002,0.0,0.002
13,Infectious,0.233,0.2565,0.023500000000000007,0.28
13,Hospitalization,0.217,0.2195,0.0025000000000000022,0.222
13,Severe,0.014,0.0175,0.0035000000000000005,0.021
13,Q1,1726.8317357806754,1937.4951675465018,210.66343176582632,2148.158599312328
13,Q2,3775.211648926397,3809.1647539696883,33.95310504329109,3843.1178590129794
13,Q3,6583.254945867717,6664.174695218437,80.9197493507204,6745.0944445691575
13,Q4,10728.682492998218,11280.123509013034,551.4410160148163,11831.56452502785
13,Q5,25902.98129512547,29789.56141360629,3886.580118480819,33676.14153208711
13,Stat_R,0.387,0.4245,0.037500000000000006,0.462
14,Susceptible,0.187,0.2015,0.014499999999999999,0.216
14,Infected,0.443,0.46099999999999997,0.017999999999999988,0.479
14,Recovered_Immune,0.01,0.01,0.0,0.01
14,Death,0.324,0.3275,0.003500000000000003,0.331
14,Exposed,0.01,0.012,0.002,0.014
14,Infectious,0.193,0.20650000000000002,0.013499999999999998,0.22
14,Hospitalization,0.219,0.225,0.006000000000000005,0.231
14,Severe,0.014,0.0175,0.0035000000000000005,0.021
14,Q1,1659.9699059263457,1902.8538755973966,242.88396967105086,2145.7378452684475
14,Q2,3509.4670057887192,3576.6187169971035,67.15171120838431,3643.770428205488
14,Q3,6377.012537435358,6656.042930195614,279.03039276025584,6935.07332295587
14,Q4,10011.896875122318,10695.144272030964,683.2473969086468,11378.391668939612
14,Q5,25651.227848403934,28279.16884969154,2627.941001287607,30907.109850979148
14,Stat_R,0.354,0.403,0.049000000000000016,0.452
15,Susceptible,0.167,0.177,0.009999999999999995,0.187
15,Infected,0.423,0.437,0.014000000000000012,0.451
15,Recovered_Immune,0.01,0.01,0.0,0.01
15,Death,0.372,0.376,0.0040000000000000036,0.38
15,Exposed,0.033,0.035500000000000004,0.0024999999999999988,0.038
15,Infectious,0.163,0.174,0.010999999999999996,0.185
15,Hospitalization,0.201,0.21000000000000002,0.008999999999999994,0.219
15,Severe,0.014,0.0175,0.0035000000000000005,0.021
15,Q1,1541.0106595096365,1803.3786091033744,262.36794959373776,2065.746558697112
15,Q2,3353.913183265784,3383.6970956327104,29.783912366926188,3413.4810079996364
15,Q3,6128.894063069646,6291.861092715405,162.96702964575888,6454.828122361164
15,Q4,9521.569695157827,10069.203518324382,547.6338231665559,10616.837341490938
15,Q5,24208.979824786198,26946.36529189875,2737.385467112552,29683.750759011302
15,Stat_R,0.37,0.403,0.033,0.436
16,Susceptible,0.158,0.16949999999999998,0.011499999999999996,0.181
16,Infected,0.381,0.399,0.017999999999999988,0.417
16,Recovered_Immune,0.01,0.01,0.0,0.01
16,Death,0.415,0.4215,0.006500000000000006,0.428
16,Exposed,0.041,0.042499999999999996,0.0014999999999999979,0.044
16,Infectious,0.13,0.137,0.006999999999999992,0.144
16,Hospitalization,0.186,0.202,0.016,0.218
16,Severe,0.014,0.0175,0.0035000000000000005,0.021
16,Q1,1452.979025251193,1715.5691594199466,262.5901341687537,1978.1592935887004
16,Q2,3102.6943955780603,3121.9769376554295,19.282542077369044,3141.2594797327984
16,Q3,5708.158992810142,5926.504577389651,218.34558457950834,6144.850161969159
16,Q4,9308.16141370448,9545.668871441703,237.50745773722247,9783.176329178925
16,Q5,23766.649600654277,25887.379554276362,2120.7299536220853,28008.109507898447
16,Stat_R,0.288,0.354,0.066,0.42
17,Susceptible,0.158,0.16949999999999998,0.011499999999999996,0.181
17,Infected,0.337,0.35050000000000003,0.013499999999999984,0.364
17,Recovered_Immune,0.01,0.01,0.0,0.01
17,Death,0.468,0.47,0.001999999999999974,0.472
17,Exposed,0.029,0.032,0.003000000000000001,0.035
17,Infectious,0.113,0.12,0.006999999999999999,0.127
17,Hospitalization,0.168,0.181,0.012999999999999998,0.194
17,Severe,0.014,0.0175,0.0035000000000000005,0.021
17,Q1,1392.125270478331,1634.2655818082862,242.14031132995535,1876.4058931382417
17,Q2,2911.84519915991,3079.6131627259306,167.76796356602063,3247.381126291951
17,Q3,5263.672823699737,5733.918828814094,470.2460051143571,6204.164833928451
17,Q4,9437.92564333669,9495.209118537794,57.28347520110401,9552.492593738898
17,Q5,22440.188504615235,24486.455076705763,2046.266572090528,26532.72164879629
17,Stat_R,0.238,0.3235,0.08549999999999999,0.409
18,Susceptible,0.158,0.16949999999999998,0.011499999999999996,0.181
18,Infected,0.295,0.3035,0.008500000000000008,0.312
18,Recovered_Immune,0.01,0.01,0.0,0.01
18,Death,0.514,0.517,0.0030000000000000027,0.52
18,Exposed,0.006,0.0075,0.0014999999999999996,0.009
18,Infectious,0.114,0.11599999999999999,0.001999999999999995,0.118
18,Hospitalization,0.154,0.1625,0.008500000000000008,0.171
18,Severe,0.014,0.0175,0.0035000000000000005,0.021
18,Q1,1319.8658222731099,1566.0434125700078,246.17759029689796,1812.2210028669058
18,Q2,2754.659621217216,2937.1300027355883,182.47038151837205,3119.6003842539603
18,Q3,5208.907038164439,5548.91538198972,340.0083438252818,5888.923725815002
18,Q4,8933.386494355418,9090.762128497769,157.37563414234955,9248.137762640117
18,Q5,21365.766358037894,23349.592525102664,1983.8261670647698,25333.418692167434
18,Stat_R,0.236,0.28300000000000003,0.047000000000000014,0.33
19,Susceptible,0.158,0.16949999999999998,0.011499999999999996,0.181
19,Infected,0.251,0.261,0.010000000000000009,0.271
19,Recovered_Immune,0.01,0.01,0.0,0.01
19,Death,0.558,0.5595000000000001,0.0015000000000000013,0.561
19,Exposed,0.0,0.0,0.0,0.0
19,Infectious,0.101,0.10300000000000001,0.001999999999999995,0.105
19,Hospitalization,0.129,0.1405,0.011499999999999996,0.152
19,Severe,0.014,0.0175,0.0035000000000000005,0.021
19,Q1,1284.0390191076083,1543.2216680343915,259.18264892678326,1802.4043169611748
19,Q2,2672.416907806154,2847.400777515076,174.9838697089217,3022.3846472239975
19,Q3,4906.084109777175,5205.11867817343,299.0345683962555,5504.153246569686
19,Q4,8229.241524510688,8403.766394853345,174.52487034265596,8578.291265196
19,Q5,21375.53509368115,23067.16426467237,1691.6291709912239,24758.793435663596
19,Stat_R,0.202,0.23950000000000002,0.037500000000000006,0.277
20,Susceptible,0.157,0.16449999999999998,0.007499999999999993,0.172
20,Infected,0.208,0.21,0.0020000000000000018,0.212
20,Recovered_Immune,0.029,0.031,0.002,0.033
20,Death,0.583,0.5945,0.01150000000000001,0.606
20,Exposed,0.001,0.004999999999999999,0.003999999999999999,0.009
20,Infectious,0.077,0.078,0.0010000000000000009,0.079
20,Hospitalization,0.126,0.127,0.0010000000000000009,0.128
20,Severe,0.0,0.0,0.0,0.0
20,Q1,1251.441449298718,1443.9610764263255,192.51962712760746,1636.480703553933
20,Q2,2559.200570174778,2766.414794111059,207.2142239362811,2973.62901804734
20,Q3,4416.59546072257,4929.277441446736,512.6819807241654,5441.959422170901
20,Q4,7131.852946616935,7672.00698260462,540.1540359876853,8212.161018592305
20,Q5,20581.783104599504,22209.865373331744,1628.0822687322398,23837.947642063984
20,Stat_R,0.087,0.1015,0.014500000000000006,0.116
21,Susceptible,0.119,0.135,0.016,0.151
21,Infected,0.196,0.20700000000000002,0.010999999999999996,0.218
21,Recovered_Immune,0.029,0.031,0.002,0.033
21,Death,0.62,0.627,0.007000000000000006,0.634
21,Exposed,0.03,0.0345,0.0045000000000000005,0.039
21,Infectious,0.065,0.066,0.0010000000000000009,0.067
21,Hospitalization,0.101,0.10650000000000001,0.005499999999999998,0.112
21,Severe,0.0,0.0,0.0,0.0
21,Q1,1148.6809161148008,1388.2508088813238,239.5698927665229,1627.8207016478466
21,Q2,2382.7917752870294,2580.236507661127,197.44473237409758,2777.6812400352246
21,Q3,4392.681702453075,4787.031302673437,394.34960022036194,5181.3809028937985
21,Q4,7141.941317110368,7470.857665844646,328.9163487342785,7799.774014578925
21,Q5,18118.452508691644,19881.482033012235,1763.029524320591,21644.511557332826
21,Stat_R,0.094,0.113,0.019000000000000003,0.132
22,Susceptible,0.117,0.1335,0.016499999999999994,0.15
22,Infected,0.175,0.1825,0.007500000000000007,0.19
22,Recovered_Immune,0.029,0.031,0.002,0.033
22,Death,0.642,0.653,0.01100000000000001,0.664
22,Exposed,0.031,0.036000000000000004,0.005000000000000001,0.041
22,Infectious,0.047,0.049,0.0019999999999999983,0.051
22,Hospitalization,0.097,0.0975,0.0005000000000000004,0.098
22,Severe,0.0,0.0,0.0,0.0
22,Q1,1073.9882749744884,1337.9610582444056,263.9727832699173,1601.933841514323
22,Q2,2288.35285426008,2541.929010066181,253.57615580610081,2795.505165872282
22,Q3,4403.4281799474065,4701.928213041385,298.5000330939779,5000.428246135362
22,Q4,7006.389835499779,7308.285450031643,301.89561453186434,7610.181064563508
22,Q5,17392.77668912805,18965.259102823344,1572.4824136952939,20537.74151651864
22,Stat_R,0.068,0.1,0.032,0.132
23,Susceptible,0.117,0.1335,0.016499999999999994,0.15
23,Infected,0.14,0.15050000000000002,0.010499999999999995,0.161
23,Recovered_Immune,0.035,0.0415,0.006499999999999999,0.048
23,Death,0.662,0.6745000000000001,0.012500000000000011,0.687
23,Exposed,0.022,0.031,0.009000000000000001,0.04
23,Infectious,0.036,0.039999999999999994,0.004,0.044
23,Hospitalization,0.074,0.0795,0.005500000000000005,0.085
23,Severe,0.0,0.0,0.0,0.0
23,Q1,1020.538609757512,1299.8676112573285,279.3290014998166,1579.1966127571452
23,Q2,2122.2371245920363,2536.4750919389453,414.23796734690904,2950.7130592858543
23,Q3,4150.378150592111,4543.655518242801,393.2773676506904,4936.932885893491
23,Q4,6873.576363027789,7214.620146029657,341.0437830018682,7555.663929031525
23,Q5,16825.581535688452,18666.17692658792,1840.5953908994688,20506.77231748739
23,Stat_R,0.058,0.0785,0.0205,0.099
24,Susceptible,0.116,0.133,0.016999999999999994,0.15
24,Infected,0.118,0.1295,0.011499999999999996,0.141
24,Recovered_Immune,0.042,0.0485,0.006499999999999999,0.055
24,Death,0.677,0.6890000000000001,0.011999999999999955,0.701
24,Exposed,0.001,0.002,0.001,0.003
24,Infectious,0.05,0.056,0.005999999999999998,0.062
24,Hospitalization,0.067,0.07150000000000001,0.004499999999999997,0.076
24,Severe,0.0,0.0,0.0,0.0
24,Q1,1032.464366537506,1312.6007473347775,280.1363807972714,1592.7371281320488
24,Q2,2109.679370993325,2573.9608313429476,464.28146034962265,3038.2422916925702
24,Q3,3782.8499028468905,4375.269735430285,592.4198325833945,4967.6895680136795
24,Q4,6815.389478065543,7214.254191495001,398.8647134294579,7613.118904924459
24,Q5,16099.451107442945,18482.598831786643,2383.1477243436993,20865.746556130343
24,Stat_R,0.042,0.05450000000000001,0.0125,0.067
25,Susceptible,0.115,0.1325,0.017499999999999995,0.15
25,Infected,0.1,0.1095,0.009499999999999995,0.119
25,Recovered_Immune,0.048,0.0545,0.006499999999999999,0.061
25,Death,0.689,0.7035,0.014500000000000013,0.718
25,Exposed,0.0,0.001,0.001,0.002
25,Infectious,0.042,0.046,0.004,0.05
25,Hospitalization,0.058,0.0625,0.0045000000000000005,0.067
25,Severe,0.0,0.0,0.0,0.0
25,Q1,1050.723145923855,1317.2768297874945,266.55368386363944,1583.830513651134
25,Q2,2226.437568969392,2624.565218284644,398.1276493152518,3022.6928675998956
25,Q3,3496.51948841467,4279.847656173662,783.3281677589919,5063.175823932654
25,Q4,6790.927521330169,7355.508383259589,564.5808619294203,7920.0892451890095
25,Q5,16334.572214394462,18807.613102248437,2473.0408878539747,21280.65399010241
25,Stat_R,0.04,0.0505,0.010499999999999999,0.061
26,Susceptible,0.115,0.1285,0.013499999999999991,0.142
26,Infected,0.1,0.10400000000000001,0.003999999999999997,0.108
26,Recovered_Immune,0.048,0.0545,0.006499999999999999,0.061
26,Death,0.697,0.713,0.016000000000000014,0.729
26,Exposed,0.002,0.005,0.003,0.008
26,Infectious,0.031,0.032,0.0010000000000000009,0.033
26,Hospitalization,0.061,0.067,0.005999999999999998,0.073
26,Severe,0.0,0.0,0.0,0.0
26,Q1,1039.132065244345,1279.9745219310553,240.8424566867102,1520.8169786177655
26,Q2,2266.911348565569,2687.983259355726,421.0719107901573,3109.0551701458835
26,Q3,3211.743834159528,4113.233883452533,901.4900492930051,5014.723932745538
26,Q4,6745.813058239029,7353.1028685024285,607.2898102633994,7960.392678765827
26,Q5,16364.532899492497,18780.416329914544,2415.8834304220454,21196.299760336587
26,Stat_R,0.036,0.041999999999999996,0.006000000000000002,0.048
27,Susceptible,0.11,0.11499999999999999,0.0049999999999999975,0.12
27,Infected,0.098,0.1005,0.0024999999999999953,0.103
27,Recovered_Immune,0.048,0.0545,0.006499999999999999,0.061
27,Death,0.716,0.73,0.014000000000000012,0.744
27,Exposed,0.006,0.018,0.011999999999999999,0.03
27,Infectious,0.026,0.027999999999999997,0.002,0.03
27,Hospitalization,0.047,0.0545,0.0075,0.062
27,Severe,0.0,0.0,0.0,0.0
27,Q1,953.6792389853539,1224.7618411703274,271.0826021849736,1495.844443355301
27,Q2,2074.587996948252,2532.7357558469325,458.1477588986804,2990.883514745613
27,Q3,3154.274855255692,3932.292154583447,778.0172993277549,4710.309453911202
27,Q4,6797.992117338011,7428.493604839335,630.5014875013239,8058.995092340659
27,Q5,15657.775437313478,18257.293783840003,2599.5183465265272,20856.812130366532
27,Stat_R,0.038,0.053500000000000006,0.015500000000000003,0.069
28,Susceptible,0.11,0.11499999999999999,0.0049999999999999975,0.12
28,Infected,0.074,0.088,0.013999999999999999,0.102
28,Recovered_Immune,0.048,0.0545,0.006499999999999999,0.061
28,Death,0.717,0.7424999999999999,0.025500000000000023,0.768
28,Exposed,0.005,0.017499999999999998,0.012499999999999999,0.03
28,Infectious,0.021,0.023,0.002,0.025
28,Hospitalization,0.043,0.0435,0.0005000000000000004,0.044
28,Severe,0.0,0.004,0.004,0.008
28,Q1,963.399128741556,1187.9575745583372,224.55844581678133,1412.5160203751186
28,Q2,1832.4390464171322,2459.1378607215693,626.6988143044372,3085.8366750260066
28,Q3,2884.4846070639733,3747.05563484579,862.5710277818166,4609.6266626276065
28,Q4,6791.566681655636,7580.928209693955,789.3615280383196,8370.289737732275
28,Q5,16021.279473762446,17569.049768368175,1547.7702946057289,19116.820062973904
28,Stat_R,0.036,0.052500000000000005,0.016500000000000004,0.069
29,Susceptible,0.11,0.11499999999999999,0.0049999999999999975,0.12
29,Infected,0.069,0.07550000000000001,0.006499999999999999,0.082
29,Recovered_Immune,0.053,0.059,0.006000000000000002,0.065
29,Death,0.733,0.7505,0.017500000000000016,0.768
29,Exposed,0.005,0.0135,0.008499999999999999,0.022
29,Infectious,0.018,0.019,0.0010000000000000009,0.02
29,Hospitalization,0.032,0.0335,0.0015000000000000013,0.035
29,Severe,0.008,0.0095,0.0014999999999999996,0.011
29,Q1,899.7601625892867,1183.75536910945,283.99520652016326,1467.7505756296132
29,Q2,1904.5909761180094,2457.058945701965,552.4679695839556,3009.5269152859205
29,Q3,2984.3206254173188,3719.4808194694797,735.1601940521612,4454.641013521641
29,Q4,6952.320456661524,7470.799044084107,518.4785874225827,7989.277631506689
29,Q5,16340.138521456585,18034.211414643316,1694.0728931867288,19728.284307830043
29,Stat_R,0.036,0.05,0.014000000000000002,0.064
30,Susceptible,0.11,0.11499999999999999,0.0049999999999999975,0.12
30,Infected,0.058,0.067,0.008999999999999998,0.076
30,Recovered_Immune,0.064,0.0675,0.003499999999999996,0.071
30,Death,0.733,0.7505,0.017500000000000016,0.768
30,Exposed,0.0,0.0,0.0,0.0
30,Infectious,0.014,0.023,0.009000000000000001,0.032
30,Hospitalization,0.025,0.026000000000000002,0.0009999999999999992,0.027
30,Severe,0.017,0.018000000000000002,0.0009999999999999992,0.019
30,Q1,933.7666995466118,1230.8730711069206,297.10637156030896,1527.9794426672297
30,Q2,1949.47071284484,2525.805015474384,576.3343026295443,3102.1393181039284
30,Q3,3088.391806184673,3871.2184400185297,782.8266338338569,4654.045073852387
30,Q4,7214.485804961773,7732.425931753003,517.9401267912303,8250.366058544234
30,Q5,17071.564502476045,18686.953148942943,1615.3886464668994,20302.341795409844
30,Stat_R,0.036,0.0455,0.009500000000000001,0.055
31,Susceptible,0.11,0.11499999999999999,0.0049999999999999975,0.12
31,Infected,0.046,0.0535,0.0075,0.061
31,Recovered_Immune,0.076,0.08099999999999999,0.0049999999999999975,0.086
31,Death,0.733,0.7505,0.017500000000000016,0.768
31,Exposed,0.0,0.0,0.0,0.0
31,Infectious,0.009,0.017,0.008,0.025
31,Hospitalization,0.016,0.016,0.0,0.016
31,Severe,0.02,0.0205,0.0005000000000000004,0.021
31,Q1,970.6799923591581,1272.080255469237,301.4002631100789,1573.480518579316
31,Q2,2029.4200230643955,2623.4863148259806,594.066291761585,3217.5526065875656
31,Q3,3210.423930197318,4045.520404263426,835.0964740661077,4880.616878329533
31,Q4,7401.796860580129,7975.370655380806,573.5737948006772,8548.944450181483
31,Q5,17926.28564687231,19322.069327964648,1395.7836810923363,20717.853009056984
31,Stat_R,0.036,0.045,0.009000000000000001,0.054
32,Susceptible,0.094,0.10450000000000001,0.010500000000000002,0.115
32,Infected,0.062,0.064,0.0020000000000000018,0.066
32,Recovered_Immune,0.076,0.08099999999999999,0.0049999999999999975,0.086
32,Death,0.733,0.7505,0.017500000000000016,0.768
32,Exposed,0.005,0.0105,0.0055000000000000005,0.016
32,Infectious,0.008,0.0145,0.006500000000000001,0.021
32,Hospitalization,0.013,0.013999999999999999,0.001,0.015
32,Severe,0.023,0.025,0.002,0.027
32,Q1,1015.847935300196,1286.692826617739,270.844891317543,1557.537717935282
32,Q2,2033.4874088093893,2711.8681730269027,678.3807642175134,3390.248937244416
32,Q3,3222.240666787623,4100.945045320966,878.7043785333426,4979.649423854308
32,Q4,7355.215516732204,8004.861003280577,649.6454865483734,8654.506489828951
32,Q5,18068.017727022077,19468.43545292432,1400.4177259022435,20868.853178826565
32,Stat_R,0.052,0.055499999999999994,0.0034999999999999996,0.059
33,Susceptible,0.093,0.0975,0.004499999999999997,0.102
33,Infected,0.063,0.07100000000000001,0.008,0.079
33,Recovered_Immune,0.076,0.08099999999999999,0.0049999999999999975,0.086
33,Death,0.733,0.7505,0.017500000000000016,0.768
33,Exposed,0.017,0.0175,0.0004999999999999987,0.018
33,Infectious,0.006,0.010499999999999999,0.0045,0.015
33,Hospitalization,0.011,0.0135,0.0025000000000000005,0.016
33,Severe,0.029,0.0295,0.0004999999999999987,0.03
33,Q1,1035.7481015499386,1325.3896589258736,289.641557375935,1615.0312163018086
33,Q2,2070.439164828745,2758.5564553134527,688.1172904847074,3446.67374579816
33,Q3,3297.3159407550565,4170.799275476892,873.4833347218355,5044.2826101987275
33,Q4,7521.161705099544,8193.604046301312,672.4423412017691,8866.046387503082
33,Q5,18424.977106076385,19752.88949637296,1327.9123902965766,21080.80188666954
33,Stat_R,0.053,0.0625,0.009499999999999998,0.072
34,Susceptible,0.093,0.0975,0.004499999999999997,0.102
34,Infected,0.063,0.07050000000000001,0.0075,0.078
34,Recovered_Immune,0.076,0.08099999999999999,0.0049999999999999975,0.086
34,Death,0.734,0.751,0.017000000000000015,0.768
34,Exposed,0.017,0.0175,0.0004999999999999987,0.018
34,Infectious,0.006,0.0095,0.0034999999999999996,0.013
34,Hospitalization,0.008,0.0115,0.0034999999999999996,0.015
34,Severe,0.032,0.032,0.0,0.032
34,Q1,1057.7551560173495,1378.6045567811527,320.84940076380326,1699.453957544956
34,Q2,2092.1651870086193,2792.6772574438437,700.5120704352241,3493.1893278790676
34,Q3,3404.528649060901,4260.876223264093,856.3475742031917,5117.223797467284
34,Q4,7656.7377687403205,8317.540974306998,660.8032055666763,8978.344179873673
34,Q5,17891.81083663618,19558.42077576623,1666.6099391300468,21225.030714896275
34,Stat_R,0.053,0.0625,0.009499999999999998,0.072
35,Susceptible,0.093,0.0975,0.004499999999999997,0.102
35,Infected,0.061,0.068,0.006999999999999999,0.075
35,Recovered_Immune,0.078,0.08299999999999999,0.0049999999999999975,0.088
35,Death,0.735,0.7515000000000001,0.016500000000000015,0.768
35,Exposed,0.001,0.006500000000000001,0.0055000000000000005,0.012
35,Infectious,0.012,0.0155,0.0034999999999999996,0.019
35,Hospitalization,0.008,0.012,0.004,0.016
35,Severe,0.033,0.034,0.0010000000000000009,0.035
35,Q1,1120.6448766040357,1447.0143990420831,326.3695224380474,1773.3839214801305
35,Q2,2145.14527770802,2889.707702421748,744.5624247137278,3634.2701271354754
35,Q3,3534.5697489059553,4414.910193511935,880.3404446059797,5295.250638117915
35,Q4,7893.407801429423,8558.364994142565,664.9571927131419,9223.322186855707
35,Q5,18261.518089991572,20098.76257949746,1837.2444895058889,21936.00706900335
35,Stat_R,0.053,0.056999999999999995,0.004,0.061
36,Susceptible,0.093,0.0975,0.004499999999999997,0.102
36,Infected,0.052,0.055499999999999994,0.0034999999999999996,0.059
36,Recovered_Immune,0.087,0.0935,0.006500000000000006,0.1
36,Death,0.739,0.7535000000000001,0.014500000000000013,0.768
36,Exposed,0.0,0.0,0.0,0.0
36,Infectious,0.015,0.0175,0.0025000000000000005,0.02
36,Hospitalization,0.011,0.0125,0.0015000000000000005,0.014
36,Severe,0.025,0.025500000000000002,0.0004999999999999987,0.026
36,Q1,1112.1204223230172,1466.675432921782,354.55501059876474,1821.2304435205467
36,Q2,2182.7290458589127,2977.898772921403,795.1697270624902,3773.068499983893
36,Q3,3661.693613623198,4462.008876241177,800.315262617979,5262.324138859156
36,Q4,8244.824121881165,8588.123893605278,343.29977172411236,8931.42366532939
36,Q5,18682.765303213546,20625.758436767086,1942.9931335535402,22568.751570320626
36,Stat_R,0.021,0.028999999999999998,0.007999999999999998,0.037
37,Susceptible,0.093,0.0975,0.004499999999999997,0.102
37,Infected,0.05,0.0545,0.004499999999999997,0.059
37,Recovered_Immune,0.089,0.0945,0.005500000000000005,0.1
37,Death,0.739,0.7535000000000001,0.014500000000000013,0.768
37,Exposed,0.0,0.0,0.0,0.0
37,Infectious,0.011,0.013,0.002,0.015
37,Hospitalization,0.014,0.014499999999999999,0.0004999999999999996,0.015
37,Severe,0.025,0.027000000000000003,0.002,0.029
37,Q1,1162.5585604620078,1514.793118334575,352.2345578725673,1867.0276762071423
37,Q2,2244.656239487233,3061.1964816899217,816.5402422026884,3877.73672389261
37,Q3,3811.6809560624756,4582.779745872029,771.0987898095534,5353.878535681582
37,Q4,8496.546901182284,8831.690024762122,335.14312357983727,9166.833148341959
37,Q5,19282.370515900522,21373.413794422653,2091.043278522133,23464.457072944788
37,Stat_R,0.021,0.028999999999999998,0.007999999999999998,0.037
38,Susceptible,0.034,0.0675,0.0335,0.101
38,Infected,0.06,0.08449999999999999,0.0245,0.109
38,Recovered_Immune,0.089,0.0945,0.005500000000000005,0.1
38,Death,0.739,0.7535000000000001,0.014500000000000013,0.768
38,Exposed,0.001,0.03,0.028999999999999998,0.059
38,Infectious,0.01,0.0125,0.0024999999999999996,0.015
38,Hospitalization,0.012,0.0125,0.0004999999999999996,0.013
38,Severe,0.028,0.0295,0.0014999999999999996,0.031
38,Q1,1208.1156355062187,1537.42712900684,329.3114935006213,1866.7386225074613
38,Q2,2247.5621122811626,3085.8668257306294,838.3047134494668,3924.1715391800963
38,Q3,3891.972803687728,4659.808185127833,767.8353814401046,5427.643566567937
38,Q4,8494.523897966412,8924.721027858457,430.19712989204436,9354.9181577505
38,Q5,19903.53780910113,21776.278492235986,1872.740683134858,23649.019175370846
38,Stat_R,0.038,0.059,0.021,0.08
39,Susceptible,0.033,0.066,0.033,0.099
39,Infected,0.062,0.086,0.024,0.11
39,Recovered_Immune,0.089,0.0945,0.005500000000000005,0.1
39,Death,0.739,0.7535000000000001,0.014500000000000013,0.768
39,Exposed,0.003,0.0315,0.028499999999999998,0.06
39,Infectious,0.008,0.010499999999999999,0.0024999999999999996,0.013
39,Hospitalization,0.01,0.012,0.002,0.014
39,Severe,0.032,0.032,0.0,0.032
39,Q1,1223.0970762718082,1551.4657127877576,328.36863651594945,1879.834349303707
39,Q2,2257.0493697792976,3126.7179048382295,869.6685350589321,3996.386439897162
39,Q3,3988.4824718469085,4756.486579248844,768.0041074019352,5524.490686650779
39,Q4,8641.11811000025,9061.092192718492,419.97408271824133,9481.066275436733
39,Q5,20518.679186013367,22302.663765312194,1783.9845792988272,24086.64834461102
39,Stat_R,0.04,0.0605,0.0205,0.081
40,Susceptible,0.033,0.066,0.033,0.099
40,Infected,0.062,0.086,0.024,0.11
40,Recovered_Immune,0.089,0.0945,0.005500000000000005,0.1
40,Death,0.739,0.7535000000000001,0.014500000000000013,0.768
40,Exposed,0.003,0.0315,0.028499999999999998,0.06
40,Infectious,0.006,0.0085,0.0024999999999999996,0.011
40,Hospitalization,0.009,0.009999999999999998,0.001,0.011
40,Severe,0.035,0.036000000000000004,0.0009999999999999974,0.037
40,Q1,1238.8173872914726,1574.939712418075,336.1223251266023,1911.0620375446772
40,Q2,2318.8899558911107,3174.0523255473627,855.1623696562519,4029.2146952036146
40,Q3,4178.188918541361,4883.624871238772,705.4359526974113,5589.060823936184
40,Q4,8755.40414849871,9132.724614504026,377.3204660053161,9510.045080509342
40,Q5,20684.92029492587,22740.805463000564,2055.8851680746975,24796.690631075264
40,Stat_R,0.04,0.0605,0.0205,0.081
41,Susceptible,0.033,0.066,0.033,0.099
41,Infected,0.059,0.08399999999999999,0.025,0.109
41,Recovered_Immune,0.09,0.0965,0.006499999999999999,0.103
41,Death,0.739,0.7535000000000001,0.014500000000000013,0.768
41,Exposed,0.001,0.0015,0.0005,0.002
41,Infectious,0.009,0.03,0.020999999999999998,0.051
41,Hospitalization,0.011,0.016,0.005000000000000001,0.021
41,Severe,0.036,0.0365,0.0005000000000000004,0.037
41,Q1,1276.8392706356408,1612.0793198524298,335.24004921678886,1947.3193690692185
41,Q2,2363.0439893525336,3269.8262618207414,906.7822724682078,4176.608534288949
41,Q3,4231.163180191159,4968.833997492833,737.6708173016741,5706.504814794507
41,Q4,8807.525523671407,9270.678189863822,463.15266619241356,9733.830856056235
41,Q5,21352.018426421488,23337.594576531483,1985.5761501099933,25323.170726641474
41,Stat_R,0.034,0.0575,0.0235,0.081
42,Susceptible,0.033,0.066,0.033,0.099
42,Infected,0.048,0.064,0.016,0.08
42,Recovered_Immune,0.113,0.1135,0.0005000000000000004,0.114
42,Death,0.739,0.7565,0.017500000000000016,0.774
42,Exposed,0.0,0.0,0.0,0.0
42,Infectious,0.009,0.027,0.018000000000000002,0.045
42,Hospitalization,0.008,0.0135,0.0055,0.019
42,Severe,0.016,0.0235,0.0075,0.031
42,Q1,1311.2390974003563,1600.2540766524633,289.01497925210697,1889.2690559045702
42,Q2,2274.9289960683936,3290.9122432921145,1015.9832472237208,4306.895490515835
42,Q3,4370.186330510067,5110.817925474597,740.6315949645304,5851.449520439128
42,Q4,9007.378042937504,9490.921295410719,483.54325247321503,9974.464547883934
42,Q5,21874.317617048164,23097.364252656578,1223.0466356084144,24320.410888264993
42,Stat_R,0.018,0.045,0.026999999999999996,0.072
43,Susceptible,0.033,0.066,0.033,0.099
43,Infected,0.047,0.0625,0.0155,0.078
43,Recovered_Immune,0.115,0.115,0.0,0.115
43,Death,0.739,0.7565,0.017500000000000016,0.774
43,Exposed,0.0,0.0,0.0,0.0
43,Infectious,0.007,0.022,0.015,0.037
43,Hospitalization,0.008,0.0145,0.006500000000000001,0.021
43,Severe,0.02,0.026000000000000002,0.006,0.032
43,Q1,1355.9345212301064,1634.9229491936553,278.98842796354904,1913.9113771572045
43,Q2,2326.164401180492,3353.408837260165,1027.244436079673,4380.653273339838
43,Q3,4427.356553270561,5196.406798566222,769.0502452956616,5965.457043861884
43,Q4,9278.525621805244,9798.662753956492,520.1371321512488,10318.799886107741
43,Q5,22288.571284785772,23538.982154506673,1250.4108697208994,24789.39302422757
43,Stat_R,0.018,0.045,0.026999999999999996,0.072
44,Susceptible,0.024,0.0615,0.037500000000000006,0.099
44,Infected,0.047,0.067,0.019999999999999997,0.087
44,Recovered_Immune,0.115,0.115,0.0,0.115
44,Death,0.739,0.7565,0.017500000000000016,0.774
44,Exposed,0.0,0.0045,0.0045,0.009
44,Infectious,0.006,0.013999999999999999,0.007999999999999998,0.022
44,Hospitalization,0.007,0.0185,0.0115,0.03
44,Severe,0.026,0.03,0.004000000000000002,0.034
44,Q1,1400.8200025106337,1654.7726070731178,253.9526045624841,1908.725211635602
44,Q2,2340.1994350514747,3403.047629622295,1062.8481945708202,4465.895824193115
44,Q3,4455.259793609685,5277.418904647522,822.1591110378367,6099.578015685359
44,Q4,9181.34742956749,9812.770196086978,631.4227665194885,10444.192962606467
44,Q5,22657.23847126335,23879.790762335106,1222.5522910717555,25102.34305340686
44,Stat_R,0.018,0.0495,0.0315,0.081
45,Susceptible,0.024,0.056999999999999995,0.033,0.09
45,Infected,0.056,0.0665,0.010499999999999999,0.077
45,Recovered_Immune,0.115,0.1155,0.0005000000000000004,0.116
45,Death,0.739,0.761,0.02200000000000002,0.783
45,Exposed,0.009,0.009,0.0,0.009
45,Infectious,0.005,0.0125,0.007500000000000001,0.02
45,Hospitalization,0.006,0.014499999999999999,0.008499999999999999,0.023
45,Severe,0.025,0.0305,0.005499999999999998,0.036
45,Q1,1451.7607408737038,1611.6195209260582,159.85878005235452,1771.4783009784128
45,Q2,2216.145747462408,3357.0736218106786,1140.9278743482707,4498.0014961589495
45,Q3,4344.611639254103,5271.258379612904,926.6467403588013,6197.905119971705
45,Q4,8317.6150908188,9488.768198291364,1171.1531074725644,10659.921305763928
45,Q5,23242.92458974508,24617.12836753514,1374.2037777900623,25991.332145325203
45,Stat_R,0.027,0.0485,0.021500000000000005,0.07
46,Susceptible,0.024,0.056999999999999995,0.033,0.09
46,Infected,0.056,0.066,0.009999999999999998,0.076
46,Recovered_Immune,0.115,0.116,0.0010000000000000009,0.117
46,Death,0.739,0.761,0.02200000000000002,0.783
46,Exposed,0.009,0.009,0.0,0.009
46,Infectious,0.003,0.009,0.005999999999999999,0.015
46,Hospitalization,0.006,0.014499999999999999,0.008499999999999999,0.023
46,Severe,0.029,0.0335,0.004499999999999999,0.038
46,Q1,1446.2416095970827,1612.4064971217394,166.1648875246567,1778.5713846463962
46,Q2,2261.472644142482,3417.200659467044,1155.728015324562,4572.928674791606
46,Q3,4386.287903075495,5300.916607375277,914.6287042997819,6215.545311675059
46,Q4,8403.357240306688,9548.476103136123,1145.1188628294358,10693.59496596556
46,Q5,23627.9542896195,25084.963518950768,1457.0092293312646,26541.97274828203
46,Stat_R,0.027,0.0395,0.012499999999999999,0.052
47,Susceptible,0.024,0.056999999999999995,0.033,0.09
47,Infected,0.049,0.062,0.012999999999999998,0.075
47,Recovered_Immune,0.117,0.1195,0.0024999999999999953,0.122
47,Death,0.739,0.7615000000000001,0.02250000000000002,0.784
47,Exposed,0.0,0.0045,0.0045,0.009
47,Infectious,0.002,0.012,0.01,0.022
47,Hospitalization,0.006,0.015,0.009000000000000001,0.024
47,Severe,0.029,0.0305,0.0014999999999999996,0.032
47,Q1,1505.7469304983986,1630.0364881319474,124.28955763354895,1754.3260457654965
47,Q2,2305.057776836251,3488.7401788882617,1183.6824020520107,4672.422580940272
47,Q3,4473.794068913846,5428.903211091514,955.1091421776682,6384.012353269182
47,Q4,8608.183020500124,9786.350827521317,1178.1678070211938,10964.518634542512
47,Q5,24494.537208116206,25675.798377881256,1181.2611697650482,26857.059547646302
47,Stat_R,0.024,0.038,0.013999999999999999,0.052
48,Susceptible,0.024,0.056999999999999995,0.033,0.09
48,Infected,0.028,0.048,0.02,0.068
48,Recovered_Immune,0.122,0.1325,0.010499999999999995,0.143
48,Death,0.739,0.7625,0.02350000000000002,0.786
48,Exposed,0.0,0.0,0.0,0.0
48,Infectious,0.006,0.0115,0.0055000000000000005,0.017
48,Hospitalization,0.007,0.017,0.01,0.027
48,Severe,0.015,0.0195,0.0045000000000000005,0.024
48,Q1,1538.4956156458195,1593.545737179355,55.05012153353539,1648.5958587128903
48,Q2,2347.0906002884094,3557.995944815517,1210.9053445271074,4768.901289342624
48,Q3,4510.794051047476,5506.61096758689,995.8169165394138,6502.427884126304
48,Q4,8885.821534227152,9988.515093501439,1102.6935592742875,11091.208652775727
48,Q5,25241.810055923874,26177.87233869257,936.0622827686984,27113.93462146127
48,Stat_R,0.011,0.0315,0.020499999999999997,0.052
49,Susceptible,0.024,0.056999999999999995,0.033,0.09
49,Infected,0.028,0.045,0.016999999999999998,0.062
49,Recovered_Immune,0.122,0.1325,0.010499999999999995,0.143
49,Death,0.739,0.7655000000000001,0.026500000000000024,0.792
49,Exposed,0.0,0.0,0.0,0.0
49,Infectious,0.003,0.009,0.005999999999999999,0.015
49,Hospitalization,0.01,0.0165,0.0065,0.023
49,Severe,0.015,0.0195,0.0045000000000000005,0.024
49,Q1,1573.3910901459026,1588.7846933370008,15.393603191098236,1604.178296528099
49,Q2,2278.9360205645007,3599.7352793899145,1320.7992588254137,4920.534538215328
49,Q3,4328.103014643651,5518.156060472876,1190.053045829225,6708.209106302101
49,Q4,8970.104638820498,10141.285956938384,1171.181318117886,11312.46727505627
49,Q5,25853.631538733665,26716.116561711016,862.485022977351,27578.601584688367
49,Stat_R,0.011,0.0225,0.011500000000000002,0.034
50,Susceptible,0.024,0.056999999999999995,0.033,0.09
50,Infected,0.028,0.045,0.016999999999999998,0.062
50,Recovered_Immune,0.122,0.1325,0.010499999999999995,0.143
50,Death,0.739,0.7655000000000001,0.026500000000000024,0.792
50,Exposed,0.0,0.0,0.0,0.0
50,Infectious,0.002,0.008,0.006,0.014
50,Hospitalization,0.011,0.014,0.003000000000000001,0.017
50,Severe,0.015,0.023,0.008,0.031
50,Q1,1608.472985185901,1613.2326039867687,4.759618800867656,1617.9922227876364
50,Q2,2282.7997961043084,3660.1559721609074,1377.356176056599,5037.512148217506
50,Q3,4455.809177861979,5689.881608606084,1234.072430744105,6923.954039350189
50,Q4,9023.98390958998,10252.773357283197,1228.7894476932152,11481.562804976411
50,Q5,26579.323257302985,27073.27044037384,493.9471830708553,27567.217623444696
50,Stat_R,0.011,0.0225,0.011500000000000002,0.034
51,Susceptible,0.024,0.053000000000000005,0.029,0.082
51,Infected,0.036,0.049,0.013000000000000001,0.062
51,Recovered_Immune,0.122,0.1325,0.010499999999999995,0.143
51,Death,0.739,0.7655000000000001,0.026500000000000024,0.792
51,Exposed,0.0,0.004,0.004,0.008
51,Infectious,0.002,0.007,0.005,0.012
51,Hospitalization,0.007,0.012,0.005,0.017
51,Severe,0.019,0.026000000000000002,0.007000000000000001,0.033
51,Q1,1630.1813695138176,1643.4297832472794,13.248413733461803,1656.6781969807412
51,Q2,2327.296185466357,3724.121262439172,1396.8250769728147,5120.946339411987
51,Q3,4470.7674584156,5765.223413456716,1294.4559550411159,7059.679368497832
51,Q4,9114.46392897678,10403.206450688682,1288.7425217119007,11691.948972400582
51,Q5,27392.878938180078,27576.286322640655,183.40738446057549,27759.69370710123
51,Stat_R,0.019,0.026500000000000003,0.0075000000000000015,0.034
52,Susceptible,0.024,0.053000000000000005,0.029,0.082
52,Infected,0.036,0.047,0.011000000000000003,0.058
52,Recovered_Immune,0.122,0.1325,0.010499999999999995,0.143
52,Death,0.739,0.7675000000000001,0.028500000000000025,0.796
52,Exposed,0.0,0.004,0.004,0.008
52,Infectious,0.001,0.004999999999999999,0.003999999999999999,0.009
52,Hospitalization,0.006,0.011,0.005,0.016
52,Severe,0.021,0.027000000000000003,0.006,0.033
52,Q1,1629.8835270698578,1649.988907333177,20.10538026331926,1670.0942875964963
52,Q2,2344.136077925599,3743.556636492024,1399.4205585664256,5142.97719505845
52,Q3,4183.747422896421,5643.5319560166845,1459.784533120263,7103.316489136947
52,Q4,8935.417110900371,10369.259114947617,1433.8420040472474,11803.101118994866
52,Q5,27533.238751878947,27954.06270918449,420.82395730554344,28374.886666490034
52,Stat_R,0.019,0.026500000000000003,0.0075000000000000015,0.034
53,Susceptible,0.024,0.053000000000000005,0.029,0.082
53,Infected,0.032,0.039,0.006999999999999999,0.046
53,Recovered_Immune,0.134,0.1405,0.006499999999999992,0.147
53,Death,0.739,0.7675000000000001,0.028500000000000025,0.796
53,Exposed,0.0,0.004,0.004,0.008
53,Infectious,0.001,0.0045000000000000005,0.0035,0.008
53,Hospitalization,0.006,0.0085,0.0024999999999999996,0.011
53,Severe,0.017,0.022,0.004999999999999999,0.027
53,Q1,1647.8402770864968,1686.0288455859418,38.18856849944507,1724.217414085387
53,Q2,2384.714497365852,3812.379042256147,1427.6645448902952,5240.043587146442
53,Q3,4326.276518926905,5740.894416017105,1414.6178970902001,7155.512313107305
53,Q4,9077.998217872979,10486.872424366287,1408.8742064933085,11895.746630859596
53,Q5,28225.423869472797,28619.685950853433,394.2620813806334,29013.948032234064
53,Stat_R,0.007,0.012499999999999999,0.005499999999999999,0.018
54,Susceptible,0.024,0.053000000000000005,0.029,0.082
54,Infected,0.02,0.0325,0.012499999999999999,0.045
54,Recovered_Immune,0.135,0.14700000000000002,0.011999999999999997,0.159
54,Death,0.739,0.7675000000000001,0.028500000000000025,0.796
54,Exposed,0.0,0.0,0.0,0.0
54,Infectious,0.006,0.006500000000000001,0.0005,0.007
54,Hospitalization,0.006,0.008,0.002,0.01
54,Severe,0.008,0.018000000000000002,0.01,0.028
54,Q1,1677.377683500269,1710.9067063115667,33.52902281129752,1744.4357291228641
54,Q2,2396.643367165595,3869.095330862309,1472.4519636967138,5341.547294559023
54,Q3,4384.906816572219,5844.508945080432,1459.6021285082124,7304.111073588644
54,Q4,9375.907199473717,10744.58925435692,1368.682054883203,12113.271309240123
54,Q5,29082.91852425013,29161.1742609786,78.25573672846986,29239.42999770707
54,Stat_R,0.007,0.012,0.005,0.017
55,Susceptible,0.024,0.053000000000000005,0.029,0.082
55,Infected,0.02,0.0325,0.012499999999999999,0.045
55,Recovered_Immune,0.135,0.14700000000000002,0.011999999999999997,0.159
55,Death,0.739,0.7675000000000001,0.028500000000000025,0.796
55,Exposed,0.0,0.0,0.0,0.0
55,Infectious,0.005,0.005,0.0,0.005
55,Hospitalization,0.005,0.0075,0.0025,0.01
55,Severe,0.01,0.02,0.01,0.03
55,Q1,1699.8615600934718,1742.4766149549123,42.6150548614404,1785.0916698163526
55,Q2,2473.965938055079,3948.8388329516183,1474.8728948965393,5423.711727848157
55,Q3,4442.323434877981,5964.911925137639,1522.588490259658,7487.500415397297
55,Q4,9691.804397072516,11051.709277601372,1359.9048805288567,12411.614158130229
55,Q5,29700.83563683867,29762.228367728356,61.39273088968366,29823.621098618038
55,Stat_R,0.007,0.012,0.005,0.017
56,Susceptible,0.024,0.053000000000000005,0.029,0.082
56,Infected,0.02,0.0325,0.012499999999999999,0.045
56,Recovered_Immune,0.135,0.14700000000000002,0.011999999999999997,0.159
56,Death,0.739,0.7675000000000001,0.028500000000000025,0.796
56,Exposed,0.0,0.0,0.0,0.0
56,Infectious,0.004,0.004,0.0,0.004
56,Hospitalization,0.006,0.008,0.002,0.01
56,Severe,0.01,0.0205,0.0105,0.031
56,Q1,1706.4591718664353,1756.2428282115343,49.78365634509885,1806.026484556633
56,Q2,2483.3314271508275,3992.225093687165,1508.8936665363374,5501.118760223502
56,Q3,4492.290763502462,6035.470331920616,1543.1795684181548,7578.649900338772
56,Q4,9770.595978024681,11225.971859207035,1455.3758811823545,12681.34774038939
56,Q5,30314.953706051445,30508.769094987307,193.81538893586185,30702.58448392317
56,Stat_R,0.007,0.012,0.005,0.017
57,Susceptible,0.024,0.048,0.023999999999999997,0.072
57,Infected,0.03,0.0375,0.0075,0.045
57,Recovered_Immune,0.135,0.14700000000000002,0.011999999999999997,0.159
57,Death,0.739,0.7675000000000001,0.028500000000000025,0.796
57,Exposed,0.0,0.005,0.005,0.01
57,Infectious,0.004,0.004,0.0,0.004
57,Hospitalization,0.005,0.006500000000000001,0.0015,0.008
57,Severe,0.011,0.022,0.011000000000000001,0.033
57,Q1,1726.9085529286867,1772.197832822455,45.28927989376825,1817.4871127162232
57,Q2,2506.604426548538,4048.0507746737576,1541.4463481252196,5589.497122798977
57,Q3,4524.233782641566,6172.619617076788,1648.385834435222,7821.00545151201
57,Q4,9796.162399717883,11342.276620354813,1546.1142206369295,12888.390840991742
57,Q5,30780.560662678916,31211.54782282591,430.98716014699494,31642.534982972906
57,Stat_R,0.007,0.017,0.01,0.027
58,Susceptible,0.024,0.048,0.023999999999999997,0.072
58,Infected,0.03,0.0375,0.0075,0.045
58,Recovered_Immune,0.135,0.14700000000000002,0.011999999999999997,0.159
58,Death,0.739,0.7675000000000001,0.028500000000000025,0.796
58,Exposed,0.0,0.005,0.005,0.01
58,Infectious,0.003,0.0035,0.0005,0.004
58,Hospitalization,0.003,0.0055,0.0025,0.008
58,Severe,0.014,0.0235,0.0095,0.033
58,Q1,1735.5825653752381,1792.273503645801,56.69093827056281,1848.9644419163637
58,Q2,2530.491539063473,4087.1020588446545,1556.6105197811814,5643.712578625836
58,Q3,4576.001247065717,6241.301469503541,1665.3002224378242,7906.601691941365
58,Q4,10039.377361293951,11573.574335738918,1534.196974444967,13107.771310183885
58,Q5,31418.848386285175,31748.223359462896,329.3749731777207,32077.598332640617
58,Stat_R,0.007,0.017,0.01,0.027
59,Susceptible,0.024,0.048,0.023999999999999997,0.072
59,Infected,0.008,0.018500000000000003,0.0105,0.029
59,Recovered_Immune,0.16,0.16599999999999998,0.0059999999999999915,0.172
59,Death,0.739,0.7675000000000001,0.028500000000000025,0.796
59,Exposed,0.0,0.005,0.005,0.01
59,Infectious,0.001,0.002,0.001,0.003
59,Hospitalization,0.001,0.002,0.001,0.003
59,Severe,0.006,0.0095,0.0034999999999999996,0.013
59,Q1,1758.7717254300758,1820.8539407439257,62.082215313849815,1882.9361560577754
59,Q2,2571.150148988566,4198.244797700307,1627.0946487117408,5825.339446412047
59,Q3,4696.917099562257,6337.019625597132,1640.1025260348752,7977.122151632007
59,Q4,10234.952204403377,11818.184861093247,1583.232656689871,13401.417517783118
59,Q5,31662.083404409936,32121.30084025651,459.2174358465745,32580.518276103085
59,Stat_R,0.0,0.0135,0.0135,0.027
