Accession,Release_Date,Species,Length,Geo_Location,Host,Isolation_Source,Collection_Date
MT641661,2020-06-19T00:00:00Z,Severe acute respiratory syndrome-related coronavirus,29818,Australia: Northern Territory,Homo sapiens,,2020-03-24
MT450974,2020-05-11T00:00:00Z,Severe acute respiratory syndrome-related coronavirus,29802,Australia: Victoria,Homo sapiens,,2020-03-13
MT509958,2020-05-25T00:00:00Z,Severe acute respiratory syndrome-related coronavirus,29724,Bangladesh,Homo sapiens,,2020-05-11
MT601292,2020-06-12T00:00:00Z,Severe acute respiratory syndrome-related coronavirus,29883,Bangladesh: Dhaka,Homo sapiens,oronasopharynx,2020-06-01
MT350282,2020-04-17T00:00:00Z,Severe acute respiratory syndrome-related coronavirus,29903,Brazil,Homo sapiens,,2020-03-18
MT670014,2020-06-26T00:00:00Z,Severe acute respiratory syndrome-related coronavirus,29782,Chile,Homo sapiens,oronasopharynx,2020-03-15
MT291831,2020-04-06T00:00:00Z,Severe acute respiratory syndrome-related coronavirus,29872,China: Beijing,Homo sapiens,oronasopharynx,2020-01-24
MT291827,2020-04-06T00:00:00Z,Severe acute respiratory syndrome-related coronavirus,29858,China: Wuhan,Homo sapiens,lung,2019-12-30
MT470219,2020-05-14T00:00:00Z,Severe acute respiratory syndrome-related coronavirus,29903,Colombia,Homo sapiens,,2020-04-02
MT517421,2020-05-27T00:00:00Z,Severe acute respiratory syndrome-related coronavirus,29865,Czech Republic,Homo sapiens,oronasopharynx,2020-03-27
MT627389,2020-06-30T00:00:00Z,Severe acute respiratory syndrome-related coronavirus,29873,Egypt,Homo sapiens,oronasopharynx,2020-06-02
MT658505,2020-06-29T00:00:00Z,Severe acute respiratory syndrome-related coronavirus,29799,Egypt,Homo sapiens,oronasopharynx,2020-06-02
MT020781,2020-02-05T00:00:00Z,Severe acute respiratory syndrome-related coronavirus,29806,Finland,Homo sapiens,,2020-01-29
MT470101,2020-05-14T00:00:00Z,Severe acute respiratory syndrome-related coronavirus,29903,France,Homo sapiens,,2020-03
MT470144,2020-05-14T00:00:00Z,Severe acute respiratory syndrome-related coronavirus,29903,France,Homo sapiens,,2020-03
MT539726,2020-05-31T00:00:00Z,Severe acute respiratory syndrome-related coronavirus,29901,Germany,Homo sapiens,oronasopharynx,2020-02
MT582477,2020-06-09T00:00:00Z,Severe acute respiratory syndrome-related coronavirus,29782,Germany: Dusseldorf,Homo sapiens,,2020-03-16
MT328033,2020-04-13T00:00:00Z,Severe acute respiratory syndrome-related coronavirus,29875,Greece,Homo sapiens,oronasopharynx,2020-03-18
MT459914,2020-05-13T00:00:00Z,Severe acute respiratory syndrome-related coronavirus,29818,Greece: Athens,Homo sapiens,,2020-03-09
MT607608,2020-06-15T00:00:00Z,Severe acute respiratory syndrome-related coronavirus,29800,India: Ahmedabad,Homo sapiens,,2020-06-03
MT675933,2020-06-29T00:00:00Z,Severe acute respiratory syndrome-related coronavirus,29796,India: Vadodara,Homo sapiens,,2020-06-08
MT682732,2020-07-01T00:00:00Z,Severe acute respiratory syndrome-related coronavirus,29860,Italy,Homo sapiens,,2020-04-20
MT622321,2020-06-16T00:00:00Z,Severe acute respiratory syndrome-related coronavirus,29835,Italy,Homo sapiens,,2020-04-12
MT510999,2020-05-26T00:00:00Z,Severe acute respiratory syndrome-related coronavirus,29890,Netherlands: Leiden,Homo sapiens,oronasopharynx,2020-03-09
MT576584,2020-06-08T00:00:00Z,Severe acute respiratory syndrome-related coronavirus,29760,Nigeria,Homo sapiens,,2020-03
MT511077,2020-05-26T00:00:00Z,Severe acute respiratory syndrome-related coronavirus,29903,Poland,Homo sapiens,,2020-03-29
MT499210,2020-05-21T00:00:00Z,Severe acute respiratory syndrome-related coronavirus,29899,Poland,Homo sapiens,,2020-04-11
MT635445,2020-06-18T00:00:00Z,Severe acute respiratory syndrome-related coronavirus,29727,Russia: Moscow region,Homo sapiens,,2020-03-22
MT630425,2020-06-17T00:00:00Z,Severe acute respiratory syndrome-related coronavirus,29879,Saudi Arabia: Jeddah,Homo sapiens,,2020-03-15
MT569471,2020-06-05T00:00:00Z,Severe acute respiratory syndrome-related coronavirus,29782,Serbia: Kraljevo,Homo sapiens,,2020-05-10
MT324062,2020-04-13T00:00:00Z,Severe acute respiratory syndrome-related coronavirus,29903,South Africa: KwaZulu-Natal,Homo sapiens,,2020-03-07
MT304476,2020-04-07T00:00:00Z,Severe acute respiratory syndrome-related coronavirus,29882,South Korea,Homo sapiens,oronasopharynx,2020-02-29
MT655131,2020-06-23T00:00:00Z,Severe acute respiratory syndrome-related coronavirus,29851,Spain: Donostia-San Sebatian,Homo sapiens,,2020-03-25
MT233519,2020-03-24T00:00:00Z,Severe acute respiratory syndrome-related coronavirus,29782,Spain: Valencia,Homo sapiens,,2020-02-27
MT371048,2020-04-23T00:00:00Z,Severe acute respiratory syndrome-related coronavirus,29903,Sri Lanka,Homo sapiens,,2020-03-10
MT374112,2020-04-24T00:00:00Z,Severe acute respiratory syndrome-related coronavirus,29901,Taiwan,Homo sapiens,oronasopharynx,2020-03-16
MT447175,2020-05-08T00:00:00Z,Severe acute respiratory syndrome-related coronavirus,29828,Thailand,Homo sapiens,,2020-03-19
MT499220,2020-06-08T00:00:00Z,Severe acute respiratory syndrome-related coronavirus,29825,Tunisia,Homo sapiens,oronasopharynx,2020-03-31
MT675958,2020-06-29T00:00:00Z,Severe acute respiratory syndrome-related coronavirus,29837,Turkey,Homo sapiens,oronasopharynx,2020-04-08
MT703958,2020-07-02T00:00:00Z,Severe acute respiratory syndrome-related coronavirus,29836,USA: FL,Homo sapiens,,2020-03-10
MT506891,2020-05-22T00:00:00Z,Severe acute respiratory syndrome-related coronavirus,29782,USA: Illinois,Homo sapiens,oronasopharynx,2020-04-18
MT325581,2020-04-13T00:00:00Z,Severe acute respiratory syndrome-related coronavirus,29882,USA: LA,Homo sapiens,oronasopharynx,2020-03-09
MT520376,2020-06-04T00:00:00Z,Severe acute respiratory syndrome-related coronavirus,29851,USA: Massachusetts,Homo sapiens,oronasopharynx,2020-03-26
MT370863,2020-04-23T00:00:00Z,Severe acute respiratory syndrome-related coronavirus,29720,USA: NY,Homo sapiens,oronasopharynx,2020-03-18
MT632609,2020-06-17T00:00:00Z,Severe acute respiratory syndrome-related coronavirus,29856,"USA: Washington,King County",Homo sapiens,,2020-03-10
MT466071,2020-05-14T00:00:00Z,Severe acute respiratory syndrome-related coronavirus,29903,Uruguay,Homo sapiens,oronasopharynx,2020-03-13
MT192772,2020-03-16T00:00:00Z,Severe acute respiratory syndrome-related coronavirus,29891,Viet Nam: Ho Chi Minh city,Homo sapiens,,2020-01-22
